INSERT INTO SUSER (ID, USERNAME, PASSWORD, FIRSTNAME, LASTNAME, EMAIL, ENABLED, LASTPASSWORDRESETDATE) VALUES (1, 'admin', '$2a$08$lDnHPz7eUkSi6ao14Twuau08mzhWrL4kyZGGU5xfiGALO/Vxd5DOi', 'admin', 'admin', 'admin@admin.com', true, '01-01-2018');
INSERT INTO SUSER (ID, USERNAME, PASSWORD, FIRSTNAME, LASTNAME, EMAIL, ENABLED, LASTPASSWORDRESETDATE) VALUES (2, 'user', '$2a$08$UkVvwpULis18S19S5pZFn.YHPZt3oaqHZnDwqbCW9pft6uFtkXKDC', 'user', 'user', 'enabled@user.com', true, '01-01-2018');


INSERT INTO ROLE (ID, NAME, DESCRIPTION) VALUES (1, 'ROLE_ADMIN', 'Роль администратора системы');
INSERT INTO ROLE (ID, NAME, DESCRIPTION) VALUES (2, 'ROLE_OPERATOR_ACS', 'Роль оператора модуля "СКУД"');
INSERT INTO ROLE (ID, NAME, DESCRIPTION) VALUES (3, 'ROLE_OPERATOR_ACC', 'Роль оператора модуля "Персонал"');
INSERT INTO ROLE (ID, NAME, DESCRIPTION) VALUES (4, 'ROLE_USER','Роль для обычных пользователей системы, без права управления и изменения данных и модулей');

INSERT INTO USER_ROLE (USER_ID, ROLE_ID) VALUES (1, 1);
INSERT INTO USER_ROLE (USER_ID, ROLE_ID) VALUES (2, 2);

INSERT INTO PRIVILEGE (ID, NAME, SYSNAME, OBJTYPE) VALUES (1, 'Вход в систему',	null, null);
INSERT INTO PRIVILEGE (ID, NAME, SYSNAME, OBJTYPE) VALUES (2, 'Доступ к модулю', null, null);
INSERT INTO PRIVILEGE (ID, NAME, SYSNAME, OBJTYPE) VALUES (3, 'Настройка модуля', null, null);
INSERT INTO PRIVILEGE (ID, NAME, SYSNAME, OBJTYPE) VALUES (1024, 'Просмотр устройств', 'CanView', null);
INSERT INTO PRIVILEGE (ID, NAME, SYSNAME, OBJTYPE) VALUES (1025, 'Настройка устройства', 'CanSetup', null);
INSERT INTO PRIVILEGE (ID, NAME, SYSNAME, OBJTYPE) VALUES (1026, 'Управление устройством', 'CanCommand', null);
INSERT INTO PRIVILEGE (ID, NAME, SYSNAME, OBJTYPE) VALUES (2048, 'Просмотр организаций', null, null);
INSERT INTO PRIVILEGE (ID, NAME, SYSNAME, OBJTYPE) VALUES (2049, 'Редактирование организаций', null, null);
INSERT INTO PRIVILEGE (ID, NAME, SYSNAME, OBJTYPE) VALUES (3072, 'Просмотр отделов', null, null);
INSERT INTO PRIVILEGE (ID, NAME, SYSNAME, OBJTYPE) VALUES (3073, 'Редактирование отделов', null, null);
INSERT INTO PRIVILEGE (ID, NAME, SYSNAME, OBJTYPE) VALUES (4096, 'Просмотр персонала', null, null);
INSERT INTO PRIVILEGE (ID, NAME, SYSNAME, OBJTYPE) VALUES (4097, 'Редактирование персонала', null, null);
INSERT INTO PRIVILEGE (ID, NAME, SYSNAME, OBJTYPE) VALUES (5120, 'Просмотр зон', null, null);
INSERT INTO PRIVILEGE (ID, NAME, SYSNAME, OBJTYPE) VALUES (5121, 'Редактирование зон', null, null);
INSERT INTO PRIVILEGE (ID, NAME, SYSNAME, OBJTYPE) VALUES (6144, 'Просмотр пользователей', null, null);
INSERT INTO PRIVILEGE (ID, NAME, SYSNAME, OBJTYPE) VALUES (6145, 'Редактирование пользователей', null, null);
INSERT INTO PRIVILEGE (ID, NAME, SYSNAME, OBJTYPE) VALUES (4294967295, 'Все привилегии - полный доступ', null, null);

INSERT INTO ROLES_PRIVILEGES (ROLE_ID, PRIVILEGE_ID) VALUES (1, 1);
INSERT INTO ROLES_PRIVILEGES (ROLE_ID, PRIVILEGE_ID) VALUES (1,	2);
INSERT INTO ROLES_PRIVILEGES (ROLE_ID, PRIVILEGE_ID) VALUES (1,	3);
INSERT INTO ROLES_PRIVILEGES (ROLE_ID, PRIVILEGE_ID) VALUES (1,	1024);
INSERT INTO ROLES_PRIVILEGES (ROLE_ID, PRIVILEGE_ID) VALUES (1,	1025);
INSERT INTO ROLES_PRIVILEGES (ROLE_ID, PRIVILEGE_ID) VALUES (1,	1026);
INSERT INTO ROLES_PRIVILEGES (ROLE_ID, PRIVILEGE_ID) VALUES (1,	2048);
INSERT INTO ROLES_PRIVILEGES (ROLE_ID, PRIVILEGE_ID) VALUES (1,	2049);
INSERT INTO ROLES_PRIVILEGES (ROLE_ID, PRIVILEGE_ID) VALUES (1,	3072);
INSERT INTO ROLES_PRIVILEGES (ROLE_ID, PRIVILEGE_ID) VALUES (1,	3073);
INSERT INTO ROLES_PRIVILEGES (ROLE_ID, PRIVILEGE_ID) VALUES (1,	4096);
INSERT INTO ROLES_PRIVILEGES (ROLE_ID, PRIVILEGE_ID) VALUES (1,	4097);
INSERT INTO ROLES_PRIVILEGES (ROLE_ID, PRIVILEGE_ID) VALUES (1,	5120);
INSERT INTO ROLES_PRIVILEGES (ROLE_ID, PRIVILEGE_ID) VALUES (1,	5121);
INSERT INTO ROLES_PRIVILEGES (ROLE_ID, PRIVILEGE_ID) VALUES (1,	6144);
INSERT INTO ROLES_PRIVILEGES (ROLE_ID, PRIVILEGE_ID) VALUES (1,	6145);
INSERT INTO ROLES_PRIVILEGES (ROLE_ID, PRIVILEGE_ID) VALUES (1,	4294967295);
INSERT INTO ROLES_PRIVILEGES (ROLE_ID, PRIVILEGE_ID) VALUES (2,	1);
INSERT INTO ROLES_PRIVILEGES (ROLE_ID, PRIVILEGE_ID) VALUES (2,	2);
INSERT INTO ROLES_PRIVILEGES (ROLE_ID, PRIVILEGE_ID) VALUES (2,	3);
INSERT INTO ROLES_PRIVILEGES (ROLE_ID, PRIVILEGE_ID) VALUES (2,	1024);
INSERT INTO ROLES_PRIVILEGES (ROLE_ID, PRIVILEGE_ID) VALUES (2,	1025);
INSERT INTO ROLES_PRIVILEGES (ROLE_ID, PRIVILEGE_ID) VALUES (2,	2048);
INSERT INTO ROLES_PRIVILEGES (ROLE_ID, PRIVILEGE_ID) VALUES (2,	2049);
INSERT INTO ROLES_PRIVILEGES (ROLE_ID, PRIVILEGE_ID) VALUES (2,	3072);
INSERT INTO ROLES_PRIVILEGES (ROLE_ID, PRIVILEGE_ID) VALUES (2,	3073);
INSERT INTO ROLES_PRIVILEGES (ROLE_ID, PRIVILEGE_ID) VALUES (2,	4096);
INSERT INTO ROLES_PRIVILEGES (ROLE_ID, PRIVILEGE_ID) VALUES (2,	4097);
INSERT INTO ROLES_PRIVILEGES (ROLE_ID, PRIVILEGE_ID) VALUES (2,	5120);
INSERT INTO ROLES_PRIVILEGES (ROLE_ID, PRIVILEGE_ID) VALUES (2,	5121);
INSERT INTO ROLES_PRIVILEGES (ROLE_ID, PRIVILEGE_ID) VALUES (2,	6144);
INSERT INTO ROLES_PRIVILEGES (ROLE_ID, PRIVILEGE_ID) VALUES (2,	6145);

INSERT INTO MODULES (ID, NAME, DESCRIPTION, ENABLED) VALUES (1,	'СКУД', 'Управление турникетами', true);
INSERT INTO MODULES (ID, NAME, DESCRIPTION, ENABLED) VALUES (2,	'Персонал', 'Настройка аккаунтов, пользователей и разрешений', true);
INSERT INTO MODULES (ID, NAME, DESCRIPTION, ENABLED) VALUES (3,	'Отчёты', 'Отчёты по проходам, рабочему времени и другое', true);
INSERT INTO MODULES (ID, NAME, DESCRIPTION, ENABLED) VALUES (4,	'Зоны доступа', 'Создание, настройка и редактирования зон доступа', true);
INSERT INTO MODULES (ID, NAME, DESCRIPTION, ENABLED) VALUES (5,	'Календарь', 'Создание и настройка календарей', true);
INSERT INTO MODULES (ID, NAME, DESCRIPTION, ENABLED) VALUES (6,	'Конфигурация', 'Настройка глобальной конфигурации', true);

INSERT INTO ORGANIZATION (ID, NAME, FULLNAME, DESCRIPTION, ID1C, BLOCKED) VALUES (1, 'скрытая', null, null, null, null);
INSERT INTO ORGANIZATION (ID, NAME, FULLNAME, DESCRIPTION, ID1C, BLOCKED) VALUES (2, 'Главная', null, null, null, null);

INSERT INTO DEPARTMENT (ID, NAME, DESCRIPTION, DAYSHEDULETYPEID, ID1C, ORGANIZATIONID1C, BLOCKED) VALUES (1, 'скрытый', null, null, null, null, null);
INSERT INTO DEPARTMENT (ID, NAME, DESCRIPTION, DAYSHEDULETYPEID, ID1C, ORGANIZATIONID1C, BLOCKED) VALUES (2, 'Общий отдел', 'Отдел для новых учетных записей и посетителей', null, null, null, null);

INSERT INTO ORGANIZATION_DEPARTMENTS (ORGANIZATION_ID, DEPARTMENT_ID) VALUES (2,	2);

INSERT INTO ZONE (ID, NAME, DESCRIPTION) VALUES (1,	'Внешний мир', null);
INSERT INTO ZONE (ID, NAME, DESCRIPTION) VALUES (2,	'Внутренняя зона', null);
 
INSERT INTO DEVICE_TYPE (ID, TYPENAME, TYPESHORTNAME, TYPEDESCRIPTION) VALUES (1, 'Турникет', 'TURNSTILE', 'Турникеты Carddex "Страж-02/03/04"');
INSERT INTO DEVICE_TYPE (ID, TYPENAME, TYPESHORTNAME, TYPEDESCRIPTION) VALUES (2, 'Картридер Mifare', 'CARDREADER_MF', 'Картридер стандарта Mifare 1K');
INSERT INTO DEVICE_TYPE (ID, TYPENAME, TYPESHORTNAME, TYPEDESCRIPTION) VALUES (3, 'Картридер EMmarine', 'CARDREADER_EM', 'Картридер стандарта EMmarine');
INSERT INTO DEVICE_TYPE (ID, TYPENAME, TYPESHORTNAME, TYPEDESCRIPTION) VALUES (4, 'Локер', 'LOCKER', 'Локеры всех типов Carddex');
INSERT INTO DEVICE_TYPE (ID, TYPENAME, TYPESHORTNAME, TYPEDESCRIPTION) VALUES (5, 'Таймер-реле', 'WATCHDOG', 'Таймеры-реле Carddex');
INSERT INTO DEVICE_TYPE (ID, TYPENAME, TYPESHORTNAME, TYPEDESCRIPTION) VALUES (6, 'Секция "антипаника"', 'GATE', 'Калитка с электромагнитом');
INSERT INTO DEVICE_TYPE (ID, TYPENAME, TYPESHORTNAME, TYPEDESCRIPTION) VALUES (7, 'Дверь', 'DOOR', 'Управляемая дверь со считывателем');
INSERT INTO DEVICE_TYPE (ID, TYPENAME, TYPESHORTNAME, TYPEDESCRIPTION) VALUES (8, 'Видеокамера', 'CAMERA', 'Камера видеонаблюдения');
INSERT INTO DEVICE_TYPE (ID, TYPENAME, TYPESHORTNAME, TYPEDESCRIPTION) VALUES (9, 'Сетевой контроллер турникета', 'EthController', 'Сетевой контроллер турникета EP2000');

INSERT INTO PROTOCOL (ID, NAME, DESCRIPTION) VALUES (1, 'CRDX-1.0-L16', 'Протокол турникета - версия 1.0, прошивка L16');
INSERT INTO PROTOCOL (ID, NAME, DESCRIPTION) VALUES (2, 'CRDX-1.0-L90', 'Протокол турникетов версия 1.0, прошивка L90');
INSERT INTO PROTOCOL (ID, NAME, DESCRIPTION) VALUES (3, 'WDT-v5.0', 'Протокол платы таймера 1.0, прошивка 5.0');
INSERT INTO PROTOCOL (ID, NAME, DESCRIPTION) VALUES (4, 'CRDX-1.0', '');
INSERT INTO PROTOCOL (ID, NAME, DESCRIPTION) VALUES (5, 'DN1', 'v1.3.0.17');
INSERT INTO PROTOCOL (ID, NAME, DESCRIPTION) VALUES (6, 'CRP1', 'Протокол Карт Ридера');
INSERT INTO PROTOCOL (ID, NAME, DESCRIPTION) VALUES (7, 'RevisorLab', 'Протокол обмена информацией с сервером RevisorLab');
INSERT INTO PROTOCOL (ID, NAME, DESCRIPTION) VALUES (8, 'DCB5000', 'Протокол обмена информацией с дверным контроллером DCB');
INSERT INTO PROTOCOL (ID, NAME, DESCRIPTION) VALUES (9, 'EthController', 'Протокол обмена информацией с сетевым контроллером EP2000');

INSERT INTO CONNECTION (ID, TYPEID, NAME, SYSNAME, BAUDRATE, HOST, PORT, SUSER, PASSWORD, DATABASE, ENABLED) values(1, 3, 'EP2000 REMOTE', null, null, '172.16.3.251', 5555, null, null, null, 1);
INSERT INTO CONNECTION (ID, TYPEID, NAME, SYSNAME, BAUDRATE, HOST, PORT, SUSER, PASSWORD, DATABASE, ENABLED) values(2, 4, 'EP2000 REMOTE DB', null, null, '172.16.3.251', 5432, 'ep2000', 'ep2000', 'ep2000', 1);

INSERT INTO CONNECTION_TYPE (ID, NAME, DESCRIPTION, IPREQUIRED, ISDATABASECONNECTION) VALUES (1, 'RS-232', 'Подключение по последовательному порт, интерфейс RS-232', 0,0);
INSERT INTO CONNECTION_TYPE (ID, NAME, DESCRIPTION, IPREQUIRED, ISDATABASECONNECTION) VALUES (2, 'RS-485', 'Подключение по последовательному порт, интерфейс RS-485', 0,0);
INSERT INTO CONNECTION_TYPE (ID, NAME, DESCRIPTION, IPREQUIRED, ISDATABASECONNECTION) VALUES (3, 'Ethernet', 'Подключение по локальной сети Ethernet', 1,0);
INSERT INTO CONNECTION_TYPE (ID, NAME, DESCRIPTION, IPREQUIRED, ISDATABASECONNECTION) VALUES (4, 'Соединение с БД', 'Подключение по сети к БД', 1,1);

INSERT INTO DEVICE (ID, NAME, ENABLED, SERIAL_NUMBER, DESCRIPTION, TYPE_ID, CONNECTION_ID, PROTOCOL_ID, ADDR, IDX, IDENTIFICATION_TYPE_ID, BROKEN, INVERT, WDT_CHANNEL, ZONE_ID, ZONE_AID, ZONE_BID, ACCESS_MODEAB, ACCESS_MODEBA) VALUES (3, 'EP2000 REMOTE', 1, '', '', 9, 1, 9, 0, null, 0, null, null, null, null, 1, 2, 2, 2);

INSERT INTO ACCOUNT (ID, DEPARTMENT_ID, PHONE, LAST_NAME, FIRST_NAME, MIDDLE_NAME, ORGANIZATION_ID, GROUP_ID, INTERNAL_CARD_ID, AVATAR, SECRET_CODE,SYNC,POSITION,DELETED,FIRED,BLOCKED,DAY_SHEDULE_TYPE_ID,ID_1C,ORGANIZATION_ID_1C ) VALUES (1, 2,null,'Потапов','Сергей','Александрович',2,null,null,null,null,null,'',0,0,0,1,null,null);





