INSERT INTO SUSER (ID, USERNAME, PASSWORD, FIRSTNAME, LASTNAME, EMAIL, ENABLED, LASTPASSWORDRESETDATE) VALUES (1, 'admin', '$2a$08$lDnHPz7eUkSi6ao14Twuau08mzhWrL4kyZGGU5xfiGALO/Vxd5DOi', 'admin', 'admin', 'admin@admin.com', true, '01-01-2018');
INSERT INTO SUSER (ID, USERNAME, PASSWORD, FIRSTNAME, LASTNAME, EMAIL, ENABLED, LASTPASSWORDRESETDATE) VALUES (2, 'user', '$2a$08$UkVvwpULis18S19S5pZFn.YHPZt3oaqHZnDwqbCW9pft6uFtkXKDC', 'user', 'user', 'enabled@user.com', true, '01-01-2018');


INSERT INTO ROLE (ID, NAME, DESCRIPTION) VALUES (1, 'ROLE_ADMIN', 'Роль администратора системы');
INSERT INTO ROLE (ID, NAME, DESCRIPTION) VALUES (2, 'ROLE_OPERATOR_ACS', 'Роль оператора модуля "СКУД"');
INSERT INTO ROLE (ID, NAME, DESCRIPTION) VALUES (3, 'ROLE_OPERATOR_ACC', 'Роль оператора модуля "Персонал"');
INSERT INTO ROLE (ID, NAME, DESCRIPTION) VALUES (4, 'ROLE_USER','Роль для обычных пользователей системы, без права управления и изменения данных и модулей');

INSERT INTO USER_ROLE (USER_ID, ROLE_ID) VALUES (1, 1);
INSERT INTO USER_ROLE (USER_ID, ROLE_ID) VALUES (2, 2);

INSERT INTO PRIVILEGE (ID, NAME, SYSNAME, OBJTYPE) VALUES (1, 'Вход в систему',	null, null);
INSERT INTO PRIVILEGE (ID, NAME, SYSNAME, OBJTYPE) VALUES (2, 'Доступ к модулю', null, null);
INSERT INTO PRIVILEGE (ID, NAME, SYSNAME, OBJTYPE) VALUES (3, 'Настройка модуля', null, null);
INSERT INTO PRIVILEGE (ID, NAME, SYSNAME, OBJTYPE) VALUES (4, 'Просмотр устройств', 'CanView', null);
INSERT INTO PRIVILEGE (ID, NAME, SYSNAME, OBJTYPE) VALUES (5, 'Настройка устройства', 'CanSetup', null);
INSERT INTO PRIVILEGE (ID, NAME, SYSNAME, OBJTYPE) VALUES (6, 'Управление устройством', 'CanCommand', null);
INSERT INTO PRIVILEGE (ID, NAME, SYSNAME, OBJTYPE) VALUES (7, 'Просмотр организаций', null, null);
INSERT INTO PRIVILEGE (ID, NAME, SYSNAME, OBJTYPE) VALUES (8, 'Редактирование организаций', null, null);
INSERT INTO PRIVILEGE (ID, NAME, SYSNAME, OBJTYPE) VALUES (9, 'Просмотр отделов', null, null);
INSERT INTO PRIVILEGE (ID, NAME, SYSNAME, OBJTYPE) VALUES (10, 'Редактирование отделов', null, null);
INSERT INTO PRIVILEGE (ID, NAME, SYSNAME, OBJTYPE) VALUES (11, 'Просмотр персонала', null, null);
INSERT INTO PRIVILEGE (ID, NAME, SYSNAME, OBJTYPE) VALUES (12, 'Редактирование персонала', null, null);
INSERT INTO PRIVILEGE (ID, NAME, SYSNAME, OBJTYPE) VALUES (13, 'Просмотр зон', null, null);
INSERT INTO PRIVILEGE (ID, NAME, SYSNAME, OBJTYPE) VALUES (14, 'Редактирование зон', null, null);
INSERT INTO PRIVILEGE (ID, NAME, SYSNAME, OBJTYPE) VALUES (15, 'Просмотр пользователей', null, null);
INSERT INTO PRIVILEGE (ID, NAME, SYSNAME, OBJTYPE) VALUES (16, 'Редактирование пользователей', null, null);
INSERT INTO PRIVILEGE (ID, NAME, SYSNAME, OBJTYPE) VALUES (-1, 'Все привилегии - полный доступ', null, null);

INSERT INTO ROLES_PRIVILEGES (ROLE_ID, PRIVILEGE_ID) VALUES (1, 1);
INSERT INTO ROLES_PRIVILEGES (ROLE_ID, PRIVILEGE_ID) VALUES (1,	2);
INSERT INTO ROLES_PRIVILEGES (ROLE_ID, PRIVILEGE_ID) VALUES (1,	3);
INSERT INTO ROLES_PRIVILEGES (ROLE_ID, PRIVILEGE_ID) VALUES (1,	4);
INSERT INTO ROLES_PRIVILEGES (ROLE_ID, PRIVILEGE_ID) VALUES (1,	5);
INSERT INTO ROLES_PRIVILEGES (ROLE_ID, PRIVILEGE_ID) VALUES (1,	6);
INSERT INTO ROLES_PRIVILEGES (ROLE_ID, PRIVILEGE_ID) VALUES (1,	7);
INSERT INTO ROLES_PRIVILEGES (ROLE_ID, PRIVILEGE_ID) VALUES (1,	8);
INSERT INTO ROLES_PRIVILEGES (ROLE_ID, PRIVILEGE_ID) VALUES (1,	9);
INSERT INTO ROLES_PRIVILEGES (ROLE_ID, PRIVILEGE_ID) VALUES (1,	10);
INSERT INTO ROLES_PRIVILEGES (ROLE_ID, PRIVILEGE_ID) VALUES (1,	11);
INSERT INTO ROLES_PRIVILEGES (ROLE_ID, PRIVILEGE_ID) VALUES (1,	12);
INSERT INTO ROLES_PRIVILEGES (ROLE_ID, PRIVILEGE_ID) VALUES (1,	13);
INSERT INTO ROLES_PRIVILEGES (ROLE_ID, PRIVILEGE_ID) VALUES (1,	14);
INSERT INTO ROLES_PRIVILEGES (ROLE_ID, PRIVILEGE_ID) VALUES (1,	15);
INSERT INTO ROLES_PRIVILEGES (ROLE_ID, PRIVILEGE_ID) VALUES (1,	16);
INSERT INTO ROLES_PRIVILEGES (ROLE_ID, PRIVILEGE_ID) VALUES (1,	-1);
INSERT INTO ROLES_PRIVILEGES (ROLE_ID, PRIVILEGE_ID) VALUES (2,	1);
INSERT INTO ROLES_PRIVILEGES (ROLE_ID, PRIVILEGE_ID) VALUES (2,	2);
INSERT INTO ROLES_PRIVILEGES (ROLE_ID, PRIVILEGE_ID) VALUES (2,	3);
INSERT INTO ROLES_PRIVILEGES (ROLE_ID, PRIVILEGE_ID) VALUES (2,	4);
INSERT INTO ROLES_PRIVILEGES (ROLE_ID, PRIVILEGE_ID) VALUES (2,	5);
INSERT INTO ROLES_PRIVILEGES (ROLE_ID, PRIVILEGE_ID) VALUES (2,	6);
INSERT INTO ROLES_PRIVILEGES (ROLE_ID, PRIVILEGE_ID) VALUES (2,	7);
INSERT INTO ROLES_PRIVILEGES (ROLE_ID, PRIVILEGE_ID) VALUES (2,	8);
INSERT INTO ROLES_PRIVILEGES (ROLE_ID, PRIVILEGE_ID) VALUES (2,	9);
INSERT INTO ROLES_PRIVILEGES (ROLE_ID, PRIVILEGE_ID) VALUES (2,	10);
INSERT INTO ROLES_PRIVILEGES (ROLE_ID, PRIVILEGE_ID) VALUES (2,	11);
INSERT INTO ROLES_PRIVILEGES (ROLE_ID, PRIVILEGE_ID) VALUES (2,	12);
INSERT INTO ROLES_PRIVILEGES (ROLE_ID, PRIVILEGE_ID) VALUES (2,	13);
INSERT INTO ROLES_PRIVILEGES (ROLE_ID, PRIVILEGE_ID) VALUES (2,	14);
INSERT INTO ROLES_PRIVILEGES (ROLE_ID, PRIVILEGE_ID) VALUES (2,	15);
INSERT INTO ROLES_PRIVILEGES (ROLE_ID, PRIVILEGE_ID) VALUES (2,	16);

INSERT INTO MODULES (ID, NAME, DESCRIPTION, ENABLED) VALUES (1,	'СКУД', 'Управление турникетами', true);
INSERT INTO MODULES (ID, NAME, DESCRIPTION, ENABLED) VALUES (2,	'Персонал', 'Настройка аккаунтов, пользователей и разрешений', true);
INSERT INTO MODULES (ID, NAME, DESCRIPTION, ENABLED) VALUES (3,	'Отчёты', 'Отчёты по проходам, рабочему времени и другое', true);
INSERT INTO MODULES (ID, NAME, DESCRIPTION, ENABLED) VALUES (4,	'Зоны доступа', 'Создание, настройка и редактирования зон доступа', true);
INSERT INTO MODULES (ID, NAME, DESCRIPTION, ENABLED) VALUES (5,	'Календарь', 'Создание и настройка календарей', true);

